,pitch,azimuth,gti
0,0,0,1949.1548766897247
1,0,5,1949.1548766897247
2,0,10,1949.1548766897247
3,0,15,1949.1548766897247
4,0,20,1949.1548766897247
5,0,25,1949.1548766897247
6,0,30,1949.1548766897247
7,0,35,1949.1548766897247
8,0,40,1949.1548766897247
9,0,45,1949.1548766897247
10,0,50,1949.1548766897247
11,0,55,1949.1548766897247
12,0,60,1949.1548766897247
13,0,65,1949.1548766897247
14,0,70,1949.1548766897247
15,0,75,1949.1548766897247
16,0,80,1949.1548766897247
17,0,85,1949.1548766897247
18,0,90,1949.1548766897247
19,0,95,1949.1548766897247
20,0,100,1949.1548766897247
21,0,105,1949.1548766897247
22,0,110,1949.1548766897247
23,0,115,1949.1548766897247
24,0,120,1949.1548766897247
25,0,125,1949.1548766897247
26,0,130,1949.1548766897247
27,0,135,1949.1548766897247
28,0,140,1949.1548766897247
29,0,145,1949.1548766897247
30,0,150,1949.1548766897247
31,0,155,1949.1548766897247
32,0,160,1949.1548766897247
33,0,165,1949.1548766897247
34,0,170,1949.1548766897247
35,0,175,1949.1548766897247
36,0,180,1949.1548766897247
37,0,185,1949.1548766897247
38,0,190,1949.1548766897247
39,0,195,1949.1548766897247
40,0,200,1949.1548766897247
41,0,205,1949.1548766897247
42,0,210,1949.1548766897247
43,0,215,1949.1548766897247
44,0,220,1949.1548766897247
45,0,225,1949.1548766897247
46,0,230,1949.1548766897247
47,0,235,1949.1548766897247
48,0,240,1949.1548766897247
49,0,245,1949.1548766897247
50,0,250,1949.1548766897247
51,0,255,1949.1548766897247
52,0,260,1949.1548766897247
53,0,265,1949.1548766897247
54,0,270,1949.1548766897247
55,0,275,1949.1548766897247
56,0,280,1949.1548766897247
57,0,285,1949.1548766897247
58,0,290,1949.1548766897247
59,0,295,1949.1548766897247
60,0,300,1949.1548766897247
61,0,305,1949.1548766897247
62,0,310,1949.1548766897247
63,0,315,1949.1548766897247
64,0,320,1949.1548766897247
65,0,325,1949.1548766897247
66,0,330,1949.1548766897247
67,0,335,1949.1548766897247
68,0,340,1949.1548766897247
69,0,345,1949.1548766897247
70,0,350,1949.1548766897247
71,0,355,1949.1548766897247
72,5,0,1979.6545941881552
73,5,5,1983.9810417410363
74,5,10,1988.0470999192814
75,5,15,1991.8218235650015
76,5,20,1995.2764847520125
77,5,25,1998.3847914226992
78,5,30,2001.1230874864505
79,5,35,2003.4705328567939
80,5,40,2005.4092620570339
81,5,45,2006.9245201873207
82,5,50,2008.0047752183443
83,5,55,2008.6418057570431
84,5,60,2008.830763616368
85,5,65,2008.5703028048947
86,5,70,2007.8631217838715
87,5,75,2006.7146608906953
88,5,80,2005.1329540085942
89,5,85,2003.1298576380384
90,5,90,2000.7205323659573
91,5,95,1997.9231448531896
92,5,100,1994.7593691103873
93,5,105,1991.2529183217748
94,5,110,1987.4302119395356
95,5,115,1983.3203595459115
96,5,120,1978.9546541970865
97,5,125,1974.366373675168
98,5,130,1969.5905520369595
99,5,135,1964.663741873383
100,5,140,1959.6234954732088
101,5,145,1954.508370707911
102,5,150,1949.3575411119443
103,5,155,1944.2102972968576
104,5,160,1939.106216398783
105,5,165,1934.0834613901507
106,5,170,1929.180067722336
107,5,175,1924.4333531819002
108,5,180,1919.8794431326414
109,5,185,1915.5529955797606
110,5,190,1911.4869374015154
111,5,195,1907.7122137557951
112,5,200,1904.2590433543464
113,5,205,1901.2569889406493
114,5,210,1898.6840767455235
115,5,215,1896.5276838721004
116,5,220,1894.7885053944076
117,5,225,1893.4631175357508
118,5,230,1892.5534053548026
119,5,235,1892.0537903832405
120,5,240,1891.964397012724
121,5,245,1892.2813441565047
122,5,250,1892.9998309499097
123,5,255,1894.1136686138345
124,5,260,1895.6144924700532
125,5,265,1897.4929979508213
126,5,270,1899.74026218942
127,5,275,1902.347654418527
128,5,280,1905.3059080973806
129,5,285,1908.6064614043385
130,5,290,1912.2465672844414
131,5,295,1916.2360236453962
132,5,300,1920.5908492321855
133,5,305,1925.1778496885208
134,5,310,1929.9519885680781
135,5,315,1934.8769317912804
136,5,320,1939.9151975664365
137,5,325,1945.0284416488105
138,5,330,1950.1777491634734
139,5,335,1955.323930771002
140,5,340,1960.4278209220133
141,5,345,1965.4505759306462
142,5,350,1970.353969598461
143,5,355,1975.1006841388964
144,10,0,1998.0292470808527
145,10,5,2006.6492153083566
146,10,10,2014.750386506958
147,10,15,2022.2711058722139
148,10,20,2029.1586082620076
149,10,25,2035.3606844849169
150,10,30,2040.8272209822815
151,10,35,2045.5177437639275
152,10,40,2049.3963639468475
153,10,45,2052.436540539625
154,10,50,2054.620119116404
155,10,55,2055.93224946019
156,10,60,2056.3639768390335
157,10,65,2055.8978853306476
158,10,70,2054.5340092895235
159,10,75,2052.2821469787978
160,10,80,2049.159233824602
161,10,85,2045.1890761734646
162,10,90,2040.4024985165931
163,10,95,2034.8357505913004
164,10,100,2028.5308819045922
165,10,105,2021.5361208202885
166,10,110,2013.9049717560247
167,10,115,2005.695471436383
168,10,120,1996.9707820989868
169,10,125,1987.7976481852227
170,10,130,1978.2465731186876
171,10,135,1968.3896745881555
172,10,140,1958.303669765425
173,10,145,1948.068265849964
174,10,150,1937.765724563237
175,10,155,1927.4814924207599
176,10,160,1917.289773420812
177,10,165,1907.2647312756808
178,10,170,1897.4816048318175
179,10,175,1888.014166027039
180,10,180,1879.1534837837144
181,10,185,1871.1627377148811
182,10,190,1863.8992398006305
183,10,195,1857.3601172995805
184,10,200,1851.5511361531467
185,10,205,1846.517463973769
186,10,210,1842.2991124898483
187,10,215,1838.944455463198
188,10,220,1836.4698432018172
189,10,225,1834.8149048208854
190,10,230,1833.9264839134012
191,10,235,1833.772077161347
192,10,240,1834.3239099901627
193,10,245,1835.5721966149968
194,10,250,1837.5007391651523
195,10,255,1840.0801474735915
196,10,260,1843.2911403085138
197,10,265,1847.0952098713233
198,10,270,1851.4528471588515
199,10,275,1856.3241569271306
200,10,280,1861.6648932735015
201,10,285,1867.4373472134691
202,10,290,1873.60323579139
203,10,295,1880.1226119147364
204,10,300,1886.9577925019346
205,10,305,1894.120836277405
206,10,310,1901.9810615609683
207,10,315,1910.4697360756031
208,10,320,1919.7028936778518
209,10,325,1929.5278520987454
210,10,330,1939.5096142302891
211,10,335,1949.5824580301219
212,10,340,1959.7220279025678
213,10,345,1969.7293117213942
214,10,350,1979.4987812704624
215,10,355,1988.956084987536
216,15,0,2004.1389931643844
217,15,5,2016.9879737293645
218,15,10,2029.0724300699471
219,15,15,2040.2981236021228
220,15,20,2050.5836676392028
221,15,25,2059.851820079945
222,15,30,2068.034025643881
223,15,35,2075.0725363219117
224,15,40,2080.9320496482196
225,15,45,2085.570637093085
226,15,50,2088.921565044171
227,15,55,2090.941956141274
228,15,60,2091.6164339882002
229,15,65,2090.9398654012725
230,15,70,2088.9173994759612
231,15,75,2085.5644283991564
232,15,80,2080.906470305332
233,15,85,2074.978975068133
234,15,90,2067.827054505435
235,15,95,2059.5051390511676
236,15,100,2050.0765635068474
237,15,105,2039.6130850254965
238,15,110,2028.1955055284961
239,15,115,2015.9290106619553
240,15,120,2002.9043470443303
241,15,125,1989.21807365039
242,15,130,1974.9664144927594
243,15,135,1960.2582921380247
244,15,140,1945.2097752371965
245,15,145,1929.9358568671094
246,15,150,1914.5536563496948
247,15,155,1899.1813522713785
248,15,160,1883.939429706026
249,15,165,1868.9528048812078
250,15,170,1854.3512523928368
251,15,175,1841.0165768506563
252,15,180,1828.8030506094608
253,15,185,1817.6413714744654
254,15,190,1807.5539542410304
255,15,195,1798.6211085315051
256,15,200,1790.8872980426806
257,15,205,1784.3609163597891
258,15,210,1779.0441736121873
259,15,215,1774.8490044763814
260,15,220,1771.7770245058646
261,15,225,1769.7924907168274
262,15,230,1768.906743810662
263,15,235,1769.1071953805128
264,15,240,1770.3996330936513
265,15,245,1772.7502144487912
266,15,250,1776.141529370454
267,15,255,1780.485238500777
268,15,260,1785.7516768389748
269,15,265,1791.8880914789625
270,15,270,1798.7215825421797
271,15,275,1806.2001430354608
272,15,280,1814.2668565977738
273,15,285,1822.8603306680945
274,15,290,1831.9151637198663
275,15,295,1841.3624430061077
276,15,300,1851.1302690270268
277,15,305,1861.1443027286305
278,15,310,1871.3283312678095
279,15,315,1881.7907597656872
280,15,320,1892.926567232564
281,15,325,1905.3962527948904
282,15,330,1919.349052302193
283,15,335,1933.7000542466799
284,15,340,1948.0505473228739
285,15,345,1962.375098876771
286,15,350,1976.5592005499457
287,15,355,1990.6156312690657
288,20,0,1997.9404489790204
289,20,5,2014.9335444527305
290,20,10,2030.9268206842821
291,20,15,2045.8011270456082
292,20,20,2059.442976660756
293,20,25,2071.7369468651214
294,20,30,2082.629022101048
295,20,35,2092.0257024590755
296,20,40,2099.84322171952
297,20,45,2105.995909846385
298,20,50,2110.4240417006326
299,20,55,2113.093916525074
300,20,60,2113.98521496018
301,20,65,2113.1066553409414
302,20,70,2110.4619088312998
303,20,75,2106.055623066012
304,20,80,2099.9105935140196
305,20,85,2092.120022620699
306,20,90,2082.8010680813163
307,20,95,2071.9492980147857
308,20,100,2059.6411733138248
309,20,105,2045.9432525957907
310,20,110,2030.9307002411715
311,20,115,2014.713355649201
312,20,120,1997.4151130437117
313,20,125,1979.1739651195041
314,20,130,1960.1741418467002
315,20,135,1940.5756169843935
316,20,140,1920.5179699538405
317,20,145,1900.169500506339
318,20,150,1879.748592144131
319,20,155,1859.417613476983
320,20,160,1839.258372212553
321,20,165,1819.4244625124802
322,20,170,1800.8292391297264
323,20,175,1783.8949495678817
324,20,180,1768.3546401137737
325,20,185,1754.2419930304136
326,20,190,1741.6118497143275
327,20,195,1730.535334804053
328,20,200,1720.9829022980825
329,20,205,1712.9536137022624
330,20,210,1706.40097177108
331,20,215,1701.6608024178265
332,20,220,1698.5290274523902
333,20,225,1696.9234651124468
334,20,230,1696.8520047642694
335,20,235,1698.2319266239767
336,20,240,1701.0544925708489
337,20,245,1705.0683731185793
338,20,250,1710.0150262608984
339,20,255,1715.8472010732064
340,20,260,1722.5310485565567
341,20,265,1730.056868692184
342,20,270,1738.442603922856
343,20,275,1747.7424919809212
344,20,280,1758.1503674672558
345,20,285,1769.5063371642784
346,20,290,1781.471976311623
347,20,295,1793.9562191703274
348,20,300,1806.8640531140452
349,20,305,1820.0972417325017
350,20,310,1833.5550724698924
351,20,315,1847.1351231082456
352,20,320,1860.7340412623446
353,20,325,1874.5909122833566
354,20,330,1889.8317716104154
355,20,335,1907.510345765543
356,20,340,1925.9678152947736
357,20,345,1944.3559236085282
358,20,350,1962.5280577283484
359,20,355,1980.360248402695
360,25,0,1979.8533950647618
361,25,5,2000.524893593906
362,25,10,2020.3344659979691
363,25,15,2038.7523621524538
364,25,20,2055.6410215162623
365,25,25,2070.9035287661454
366,25,30,2084.414339902941
367,25,35,2096.0775925555495
368,25,40,2105.856387224771
369,25,45,2113.62129337107
370,25,50,2119.299063513102
371,25,55,2122.827824529593
372,25,60,2124.1777622341283
373,25,65,2123.3261807617305
374,25,70,2120.5871478726817
375,25,75,2115.9442123332756
376,25,80,2109.193911840025
377,25,85,2100.20389676077
378,25,90,2089.0382921669743
379,25,95,2075.79402971677
380,25,100,2060.5671541964266
381,25,105,2043.4704232211752
382,25,110,2024.6455732751288
383,25,115,2004.262631593038
384,25,120,1982.4879350461486
385,25,125,1959.537317296924
386,25,130,1935.6166498434045
387,25,135,1910.9566516481432
388,25,140,1885.801159001155
389,25,145,1860.3065113812404
390,25,150,1834.6581582224164
391,25,155,1809.0762919386125
392,25,160,1783.7850784990924
393,25,165,1759.166711555219
394,25,170,1736.9834740570034
395,25,175,1716.5796980874236
396,25,180,1697.9020742827433
397,25,185,1681.0193400992698
398,25,190,1665.9937170041856
399,25,195,1652.8938719897455
400,25,200,1642.4646673165191
401,25,205,1634.2147916544038
402,25,210,1627.9875975761
403,25,215,1623.6671930141822
404,25,220,1621.3299510556105
405,25,225,1620.9933412840358
406,25,230,1622.7294246569002
407,25,235,1626.1745373927383
408,25,240,1630.9106903275556
409,25,245,1636.7929872368466
410,25,250,1643.7107182415011
411,25,255,1651.55032927708
412,25,260,1660.2222144880989
413,25,265,1669.6438326161535
414,25,270,1679.7075238752916
415,25,275,1690.286073710774
416,25,280,1701.3050545465524
417,25,285,1712.685673544393
418,25,290,1724.8193432884796
419,25,295,1738.5423902711873
420,25,300,1753.8842375688707
421,25,305,1769.6365740477454
422,25,310,1785.7040202905737
423,25,315,1801.9914672555724
424,25,320,1818.4204135976443
425,25,325,1835.0514069922765
426,25,330,1852.6930052107257
427,25,335,1871.9724664765486
428,25,340,1893.1553988705823
429,25,345,1915.214229312338
430,25,350,1937.1790975280894
431,25,355,1958.8193550286219
432,30,0,1950.2399309193738
433,30,5,1974.0599225612996
434,30,10,1997.341479446853
435,30,15,2019.1607669735924
436,30,20,2039.1887245414293
437,30,25,2057.364897353636
438,30,30,2073.589592147287
439,30,35,2087.729014483107
440,30,40,2099.6084444010357
441,30,45,2109.0972257349713
442,30,50,2116.099378480268
443,30,55,2120.701637525303
444,30,60,2123.192432261428
445,30,65,2123.4462811969975
446,30,70,2121.014961763063
447,30,75,2115.7889482301325
448,30,80,2107.808013716746
449,30,85,2097.1328979535688
450,30,90,2083.8448450173705
451,30,95,2068.044985014541
452,30,100,2049.8535644199183
453,30,105,2029.4180283101239
454,30,110,2007.009209264388
455,30,115,1982.7751102229647
456,30,120,1956.8475609948716
457,30,125,1929.4502627429688
458,30,130,1900.8333197242607
459,30,135,1871.2677738720843
460,30,140,1841.0205900333315
461,30,145,1810.4178820898373
462,30,150,1779.6610794848511
463,30,155,1749.0106094422085
464,30,160,1718.695569555818
465,30,165,1689.6546837800727
466,30,170,1663.3993968284856
467,30,175,1639.4114605865504
468,30,180,1617.790765583747
469,30,185,1598.299628067536
470,30,190,1582.04728395716
471,30,195,1568.6781247130775
472,30,200,1557.9223750227213
473,30,205,1549.6410932935887
474,30,210,1543.7002102880062
475,30,215,1540.2083886007583
476,30,220,1539.1738105099043
477,30,225,1540.750535780117
478,30,230,1544.2531086048498
479,30,235,1549.3008775352748
480,30,240,1555.6911593562036
481,30,245,1563.3460740511423
482,30,250,1572.2866853544851
483,30,255,1582.371625240795
484,30,260,1593.4540041346506
485,30,265,1605.4407468017214
486,30,270,1617.950533067834
487,30,275,1630.8298859977156
488,30,280,1643.9807859388045
489,30,285,1657.3031466018178
490,30,290,1670.6955767778488
491,30,295,1684.0561519866876
492,30,300,1697.5720289906362
493,30,305,1712.7929603517653
494,30,310,1730.7764647970182
495,30,315,1749.249421684685
496,30,320,1767.8693151812683
497,30,325,1786.5427907601725
498,30,330,1805.5267582840993
499,30,335,1826.886971062838
500,30,340,1850.3565556395315
501,30,345,1875.240903529274
502,30,350,1900.534864711822
503,30,355,1925.6499201167883
504,35,0,1908.9946097022882
505,35,5,1935.9878320323444
506,35,10,1962.1087502069395
507,35,15,1987.210322443191
508,35,20,2010.4514315905367
509,35,25,2031.6689763248437
510,35,30,2050.6189956420726
511,35,35,2067.123505440296
512,35,40,2081.0282053624205
513,35,45,2092.2848398967367
514,35,50,2101.059541621984
515,35,55,2107.311506057664
516,35,60,2111.007017796994
517,35,65,2111.5215699708956
518,35,70,2108.804503921344
519,35,75,2102.862988611679
520,35,80,2093.7213430717484
521,35,85,2081.4464287733763
522,35,90,2066.4230672835874
523,35,95,2048.8325253522016
524,35,100,2028.605515325116
525,35,105,2005.7846674670857
526,35,110,1980.3660548223083
527,35,115,1952.5203539236709
528,35,120,1922.5693939623884
529,35,125,1890.857012575496
530,35,130,1857.5477597522972
531,35,135,1822.957336370545
532,35,140,1787.4415758001305
533,35,145,1751.4134556616764
534,35,150,1715.2601078794287
535,35,155,1679.3152860025994
536,35,160,1644.1161772313617
537,35,165,1611.0214778616973
538,35,170,1580.9456439105836
539,35,175,1553.4214664144613
540,35,180,1528.7142186887008
541,35,185,1508.4261934178971
542,35,190,1491.4303230021965
543,35,195,1477.5354554199084
544,35,200,1466.565514133553
545,35,205,1458.608039491566
546,35,210,1454.0497644782517
547,35,215,1452.5125822183904
548,35,220,1454.0792038773297
549,35,225,1458.0972164360594
550,35,230,1463.7304543931652
551,35,235,1470.8447410652097
552,35,240,1479.4246166435876
553,35,245,1489.374542730386
554,35,250,1500.5112496431143
555,35,255,1512.1450592016931
556,35,260,1524.1666222430192
557,35,265,1536.6546581070465
558,35,270,1549.7645333391274
559,35,275,1563.8711507559094
560,35,280,1578.9601013880851
561,35,285,1594.2427965722136
562,35,290,1609.6031924565923
563,35,295,1624.9298146883643
564,35,300,1640.1032495533602
565,35,305,1655.0080180502875
566,35,310,1671.2832841522977
567,35,315,1689.2953709548735
568,35,320,1709.1419727519592
569,35,325,1729.525771108783
570,35,330,1750.0556095760905
571,35,335,1773.0520677230554
572,35,340,1798.0165161957798
573,35,345,1824.724211241893
574,35,350,1852.8936206244473
575,35,355,1881.1298923034428
576,40,0,1856.3913820264186
577,40,5,1886.287783789978
578,40,10,1915.1442018512118
579,40,15,1943.452847897979
580,40,20,1969.8562206236506
581,40,25,1993.8897661150665
582,40,30,2015.3783483795457
583,40,35,2034.1848879757306
584,40,40,2050.353752152772
585,40,45,2063.9326823249817
586,40,50,2074.8400896716157
587,40,55,2082.9729873625674
588,40,60,2087.543986721592
589,40,65,2088.492353049392
590,40,70,2085.784135035635
591,40,75,2079.7395321239524
592,40,80,2071.0640686521333
593,40,85,2059.2365485532105
594,40,90,2043.669032972992
595,40,95,2024.4847867656356
596,40,100,2001.8314426558804
597,40,105,1975.8653914162612
598,40,110,1946.8413870933143
599,40,115,1915.0298306028012
600,40,120,1880.7516048447617
601,40,125,1844.3088779954858
602,40,130,1806.2586217034952
603,40,135,1766.7964944517128
604,40,140,1726.266240440069
605,40,145,1685.0203939803541
606,40,150,1643.599833228153
607,40,155,1602.3236706200494
608,40,160,1561.5847355245198
609,40,165,1523.9232646334083
610,40,170,1489.9414428182863
611,40,175,1459.2378926377212
612,40,180,1433.2712300939997
613,40,185,1411.5132714945823
614,40,190,1393.770899176957
615,40,195,1380.221024662503
616,40,200,1370.778881136559
617,40,205,1364.8582741164323
618,40,210,1362.2743914215941
619,40,215,1363.078729242287
620,40,220,1367.2464131837837
621,40,225,1373.4575033112449
622,40,230,1381.5849684636369
623,40,235,1391.615622412878
624,40,240,1403.5495765681774
625,40,245,1416.3513812156916
626,40,250,1429.7122630813217
627,40,255,1443.430088876669
628,40,260,1457.3727942920175
629,40,265,1471.4233642536044
630,40,270,1485.4219573354146
631,40,275,1499.2008867638535
632,40,280,1512.627016839202
633,40,285,1526.7693393657855
634,40,290,1542.9203212162301
635,40,295,1559.5678308724116
636,40,300,1575.9802031251836
637,40,305,1592.0623875918807
638,40,310,1607.673070853341
639,40,315,1624.8027844463645
640,40,320,1643.7550020021363
641,40,325,1664.5345879384383
642,40,330,1686.1250910743463
643,40,335,1710.0946552575942
644,40,340,1736.7601879491956
645,40,345,1765.1489857761082
646,40,350,1794.7840143318028
647,40,355,1825.594059377895
648,45,0,1792.7670663414663
649,45,5,1825.4268351709497
650,45,10,1857.2223103608208
651,45,15,1888.1958663511568
652,45,20,1917.4531830544715
653,45,25,1944.2095622272766
654,45,30,1968.5074542238187
655,45,35,1990.183969869344
656,45,40,2009.0963157007518
657,45,45,2025.1123866674704
658,45,50,2038.2981238642828
659,45,55,2047.7684076044368
660,45,60,2053.3778801684957
661,45,65,2055.6061473448676
662,45,70,2054.7144096346688
663,45,75,2050.408009896535
664,45,80,2041.690536126222
665,45,85,2028.6283335628764
666,45,90,2011.3208134551792
667,45,95,1989.8996964817154
668,45,100,1964.5280102770778
669,45,105,1935.480600407217
670,45,110,1903.6189352601657
671,45,115,1868.7437174418735
672,45,120,1830.9365102039264
673,45,125,1790.5028383895178
674,45,130,1747.8284811381777
675,45,135,1703.5199829391158
676,45,140,1657.9192870544925
677,45,145,1611.4399497581717
678,45,150,1564.5836833869234
679,45,155,1517.9873387686616
680,45,160,1472.275814712442
681,45,165,1430.4154989390152
682,45,170,1392.05751754825
683,45,175,1358.8158405513927
684,45,180,1331.2203833660021
685,45,185,1308.567556795133
686,45,190,1291.704994894479
687,45,195,1279.7658752593686
688,45,200,1271.7834715492818
689,45,205,1267.7098265747422
690,45,210,1267.7272547369214
691,45,215,1271.7524533088017
692,45,220,1278.774811262555
693,45,225,1287.9188911333274
694,45,230,1299.2793221137226
695,45,235,1312.5181059506629
696,45,240,1326.438955826635
697,45,245,1340.8337405141353
698,45,250,1355.7189385260363
699,45,255,1371.21407626364
700,45,260,1387.5646170457032
701,45,265,1404.1520005388259
702,45,270,1420.324376536595
703,45,275,1435.8888495272877
704,45,280,1450.7269644733583
705,45,285,1464.7257943605684
706,45,290,1477.7787996407524
707,45,295,1491.4805918995492
708,45,300,1506.9186141628188
709,45,305,1523.5723444470555
710,45,310,1539.8882550323847
711,45,315,1555.9137742553432
712,45,320,1574.1571370608056
713,45,325,1593.9108965392998
714,45,330,1614.9881084408582
715,45,335,1638.5530290146212
716,45,340,1666.3270831785808
717,45,345,1696.2561660902297
718,45,350,1727.5664294069884
719,45,355,1759.6894206907662
